firstname,lastname,email,contact_no
Aneesh,Ponnappan,aneesh.anni,1
Aneesh,Ponnappan,aneesh.anniyan@gmail.com,2
Aneesh,Ponnappan,aneesh.anniyan@gmail.com,3
Aneesh,Ponnappan,aneesh.anniyan@gmail.com,4
Aneesh,Ponnappan,aneesh.anniyan@gmail.com,5
Aneesh,Ponnappan,aneesh.anniyan@gmail.com,6
Aneesh,Ponnappan,aneesh.anniyan@gmail.com,7
Aneesh,Ponnappan,aneesh.anniyan@gmail.com,8
Aneesh,Ponnappan,aneesh.anniyan@gmail.com,9
Aneesh,Ponnappan,aneesh.anniyan@gmail.com,10
Aneesh,Ponnappan,aneesh.anniyan@gmail.com,11
Aneesh,Ponnappan,aneesh.anniyan@gmail.com,12
Aneesh,Ponnappan,aneesh.anniyan@gmail.com,13
Aneesh,Ponnappan,aneesh.anniyan@gmail.com,14
Aneesh,Ponnappan,aneesh.anniyan@gmail.com,15
Aneesh,Ponnappan,aneesh.anniyan@gmail.com,16
